alc_code,week_number,state,geopolitical_zone,fellows_present,sessions_held,facilitator_name,data_quality_flag
ALC-001,1,Adamawa,North-East,15,5,Fatima Aliyu,OK
ALC-001,2,Adamawa,North-East,7,2,Fatima Aliyu,LOW_ATTENDANCE
ALC-001,3,Adamawa,North-East,10,4,Fatima Aliyu,OK
ALC-001,4,Adamawa,North-East,9,3,Fatima Aliyu,OK
ALC-001,5,Adamawa,North-East,14,3,Fatima Aliyu,OK
ALC-001,6,Adamawa,North-East,9,5,Fatima Aliyu,OK
ALC-001,7,Adamawa,North-East,7,3,Fatima Aliyu,LOW_ATTENDANCE
ALC-001,8,Adamawa,North-East,7,3,Fatima Aliyu,LOW_ATTENDANCE
ALC-001,9,Adamawa,North-East,10,3,Fatima Aliyu,OK
ALC-001,10,Adamawa,North-East,13,2,Fatima Aliyu,OK
ALC-001,11,Adamawa,North-East,10,5,Fatima Aliyu,OK
ALC-001,12,Adamawa,North-East,12,2,Fatima Aliyu,OK
ALC-002,1,Benue,North-Central,11,5,Ngozi Eze,OK
ALC-002,2,Benue,North-Central,5,3,Ngozi Eze,LOW_ATTENDANCE
ALC-002,3,Benue,North-Central,6,4,Ngozi Eze,LOW_ATTENDANCE
ALC-002,4,Benue,North-Central,5,3,Ngozi Eze,LOW_ATTENDANCE
ALC-002,5,Benue,North-Central,6,5,Ngozi Eze,LOW_ATTENDANCE
ALC-002,6,Benue,North-Central,8,3,Ngozi Eze,OK
ALC-002,7,Benue,North-Central,10,3,Ngozi Eze,OK
ALC-002,8,Benue,North-Central,8,4,Ngozi Eze,OK
ALC-002,9,Benue,North-Central,8,4,Ngozi Eze,OK
ALC-002,10,Benue,North-Central,7,2,Ngozi Eze,OK
ALC-002,11,Benue,North-Central,5,3,Ngozi Eze,LOW_ATTENDANCE
ALC-002,12,Benue,North-Central,9,2,Ngozi Eze,OK
ALC-003,1,Kebbi,North-West,8,3,Ibrahim Musa,LOW_ATTENDANCE
ALC-003,2,Kebbi,North-West,15,5,Ibrahim Musa,OK
ALC-003,3,Kebbi,North-West,14,5,Ibrahim Musa,OK
ALC-003,4,Kebbi,North-West,18,4,Ibrahim Musa,OK
ALC-003,5,Kebbi,North-West,15,4,Ibrahim Musa,OK
ALC-003,6,Kebbi,North-West,18,5,Ibrahim Musa,OK
ALC-003,7,Kebbi,North-West,18,4,Ibrahim Musa,OK
ALC-003,8,Kebbi,North-West,18,5,Ibrahim Musa,OK
ALC-003,9,Kebbi,North-West,16,3,Ibrahim Musa,OK
ALC-003,10,Kebbi,North-West,14,5,Ibrahim Musa,OK
ALC-003,11,Kebbi,North-West,12,3,Ibrahim Musa,OK
ALC-003,12,Kebbi,North-West,16,2,Ibrahim Musa,OK
ALC-004,1,Kano,North-West,16,5,Kelechi Ike,OK
ALC-004,2,Kano,North-West,23,5,Kelechi Ike,OK
ALC-004,3,Kano,North-West,12,3,Kelechi Ike,LOW_ATTENDANCE
ALC-004,4,Kano,North-West,21,4,Kelechi Ike,OK
ALC-004,5,Kano,North-West,15,3,Kelechi Ike,OK
ALC-004,6,Kano,North-West,12,2,Kelechi Ike,LOW_ATTENDANCE
ALC-004,7,Kano,North-West,11,4,Kelechi Ike,LOW_ATTENDANCE
ALC-004,9,Kano,North-West,12,2,Kelechi Ike,LOW_ATTENDANCE
ALC-004,10,Kano,North-West,22,2,Kelechi Ike,OK
ALC-004,11,Kano,North-West,14,4,Kelechi Ike,LOW_ATTENDANCE
ALC-004,12,Kano,North-West,21,3,Kelechi Ike,OK
ALC-005,1,Kaduna,North-West,9,3,Adewale Okafor,OK
ALC-005,2,Kaduna,North-West,12,2,Adewale Okafor,OK
ALC-005,3,Kaduna,North-West,7,5,Adewale Okafor,LOW_ATTENDANCE
ALC-005,4,Kaduna,North-West,7,4,Adewale Okafor,LOW_ATTENDANCE
ALC-005,5,Kaduna,North-West,6,4,Adewale Okafor,LOW_ATTENDANCE
ALC-005,6,Kaduna,North-West,13,4,Adewale Okafor,OK
ALC-005,7,Kaduna,North-West,11,5,Adewale Okafor,OK
ALC-005,8,Kaduna,North-West,13,4,Adewale Okafor,OK
ALC-005,9,Kaduna,North-West,15,4,Adewale Okafor,OK
ALC-005,10,Kaduna,North-West,9,2,Adewale Okafor,OK
ALC-005,11,Kaduna,North-West,11,2,Adewale Okafor,OK
ALC-006,1,Bauchi,North-East,23,5,Gideon Lawal,OK
ALC-006,2,Bauchi,North-East,20,2,Gideon Lawal,OK
ALC-006,3,Bauchi,North-East,27,3,Gideon Lawal,OK
ALC-006,4,Bauchi,North-East,31,2,Gideon Lawal,OK
ALC-006,5,Bauchi,North-East,33,2,Gideon Lawal,OK
ALC-006,6,Bauchi,North-East,31,3,Gideon Lawal,OK
ALC-006,7,Bauchi,North-East,29,3,Gideon Lawal,OK
ALC-006,8,Bauchi,North-East,34,3,Gideon Lawal,OK
ALC-006,9,Bauchi,North-East,23,4,Gideon Lawal,OK
ALC-006,10,Bauchi,North-East,21,3,Gideon Lawal,OK
ALC-006,11,Bauchi,North-East,26,4,Gideon Lawal,OK
ALC-006,12,Bauchi,North-East,15,5,Gideon Lawal,LOW_ATTENDANCE
ALC-007,1,Plateau,North-Central,8,5,Hauwa Bello,LOW_ATTENDANCE
ALC-007,2,Plateau,North-Central,14,2,Hauwa Bello,OK
ALC-007,3,Plateau,North-Central,7,5,Hauwa Bello,LOW_ATTENDANCE
ALC-007,4,Plateau,North-Central,7,2,Hauwa Bello,LOW_ATTENDANCE
ALC-007,5,Plateau,North-Central,11,4,Hauwa Bello,OK
ALC-007,6,Plateau,North-Central,10,2,Hauwa Bello,OK
ALC-007,7,Plateau,North-Central,9,5,Hauwa Bello,OK
ALC-007,8,Plateau,North-Central,7,4,Hauwa Bello,LOW_ATTENDANCE
ALC-007,9,Plateau,North-Central,11,4,Hauwa Bello,OK
ALC-007,10,Plateau,North-Central,7,4,Hauwa Bello,LOW_ATTENDANCE
ALC-007,11,Plateau,North-Central,12,3,Hauwa Bello,OK
ALC-007,12,Plateau,North-Central,8,5,Hauwa Bello,LOW_ATTENDANCE
ALC-008,1,Ondo,South-West,8,4,Kelechi Ike,OK
ALC-008,2,Ondo,South-West,7,5,Kelechi Ike,OK
ALC-008,3,Ondo,South-West,9,3,Kelechi Ike,OK
ALC-008,4,Ondo,South-West,4,5,Kelechi Ike,LOW_ATTENDANCE
ALC-008,5,Ondo,South-West,6,4,Kelechi Ike,OK
ALC-008,6,Ondo,South-West,6,3,Kelechi Ike,OK
ALC-008,7,Ondo,South-West,6,4,Kelechi Ike,OK
ALC-008,8,Ondo,South-West,6,5,Kelechi Ike,OK
ALC-008,9,Ondo,South-West,8,4,Kelechi Ike,OK
ALC-008,10,Ondo,South-West,7,2,Kelechi Ike,OK
ALC-008,11,Ondo,South-West,8,2,Kelechi Ike,OK
ALC-008,12,Ondo,South-West,7,3,Kelechi Ike,OK
ALC-009,1,Niger,North-Central,5,2,Aisha Garba,LOW_ATTENDANCE
ALC-009,2,Niger,North-Central,6,2,Aisha Garba,LOW_ATTENDANCE
ALC-009,3,Niger,North-Central,8,3,Aisha Garba,OK
ALC-009,4,Niger,North-Central,6,2,Aisha Garba,LOW_ATTENDANCE
ALC-009,5,Niger,North-Central,9,5,Aisha Garba,OK
ALC-009,6,Niger,North-Central,7,4,Aisha Garba,OK
ALC-009,7,Niger,North-Central,5,5,Aisha Garba,LOW_ATTENDANCE
ALC-009,8,Niger,North-Central,9,3,Aisha Garba,OK
ALC-009,9,Niger,North-Central,9,5,Aisha Garba,OK
ALC-009,10,Niger,North-Central,7,3,Aisha Garba,OK
ALC-009,11,Niger,North-Central,6,2,Aisha Garba,LOW_ATTENDANCE
ALC-009,12,Niger,North-Central,6,5,Aisha Garba,LOW_ATTENDANCE
ALC-010,1,Cross River,South-South,11,5,Hauwa Bello,LOW_ATTENDANCE
ALC-010,2,Cross River,South-South,10,5,Hauwa Bello,LOW_ATTENDANCE
ALC-010,3,Cross River,South-South,23,3,Hauwa Bello,OK
ALC-010,4,Cross River,South-South,18,3,Hauwa Bello,OK
ALC-010,5,Cross River,South-South,17,4,Hauwa Bello,OK
ALC-010,6,Cross River,South-South,10,5,Hauwa Bello,LOW_ATTENDANCE
ALC-010,7,Cross River,South-South,20,4,Hauwa Bello,OK
ALC-010,8,Cross River,South-South,12,5,Hauwa Bello,LOW_ATTENDANCE
ALC-010,9,Cross River,South-South,21,3,Hauwa Bello,OK
ALC-010,10,Cross River,South-South,13,5,Hauwa Bello,OK
ALC-010,11,Cross River,South-South,11,3,Hauwa Bello,LOW_ATTENDANCE
ALC-010,12,Cross River,South-South,13,2,Hauwa Bello,OK
ALC-011,1,Kogi,North-Central,12,4,Ngozi Eze,OK
ALC-011,2,Kogi,North-Central,12,5,Ngozi Eze,OK
ALC-011,3,Kogi,North-Central,10,3,Ngozi Eze,OK
ALC-011,4,Kogi,North-Central,7,4,Ngozi Eze,LOW_ATTENDANCE
ALC-011,5,Kogi,North-Central,6,2,Ngozi Eze,LOW_ATTENDANCE
ALC-011,6,Kogi,North-Central,8,5,Ngozi Eze,OK
ALC-011,7,Kogi,North-Central,6,4,Ngozi Eze,LOW_ATTENDANCE
ALC-011,8,Kogi,North-Central,12,4,Ngozi Eze,OK
ALC-011,9,Kogi,North-Central,9,5,Ngozi Eze,OK
ALC-011,10,Kogi,North-Central,13,3,Ngozi Eze,OK
ALC-011,11,Kogi,North-Central,8,5,Ngozi Eze,OK
ALC-011,12,Kogi,North-Central,11,5,Ngozi Eze,OK
ALC-012,1,Benue,North-Central,6,3,Aisha Garba,LOW_ATTENDANCE
ALC-012,2,Benue,North-Central,8,3,Aisha Garba,OK
ALC-012,3,Benue,North-Central,6,4,Aisha Garba,LOW_ATTENDANCE
ALC-012,4,Benue,North-Central,13,5,Aisha Garba,OK
ALC-012,5,Benue,North-Central,13,5,Aisha Garba,OK
ALC-012,6,Benue,North-Central,12,2,Aisha Garba,OK
ALC-012,7,Benue,North-Central,8,5,Aisha Garba,OK
ALC-012,8,Benue,North-Central,14,2,Aisha Garba,OK
ALC-012,9,Benue,North-Central,11,3,Aisha Garba,OK
ALC-012,10,Benue,North-Central,6,2,Aisha Garba,LOW_ATTENDANCE
ALC-012,11,Benue,North-Central,9,3,Aisha Garba,OK
ALC-012,12,Benue,North-Central,10,3,Aisha Garba,OK
ALC-013,1,Niger,North-Central,6,4,Chioma Nwosu,LOW_ATTENDANCE
ALC-013,2,Niger,North-Central,12,3,Chioma Nwosu,OK
ALC-013,3,Niger,North-Central,7,2,Chioma Nwosu,OK
ALC-013,4,Niger,North-Central,5,4,Chioma Nwosu,LOW_ATTENDANCE
ALC-013,5,Niger,North-Central,8,4,Chioma Nwosu,OK
ALC-013,6,Niger,North-Central,10,2,Chioma Nwosu,OK
ALC-013,7,Niger,North-Central,8,5,Chioma Nwosu,OK
ALC-013,8,Niger,North-Central,7,4,Chioma Nwosu,OK
ALC-013,9,Niger,North-Central,8,5,Chioma Nwosu,OK
ALC-013,10,Niger,North-Central,6,4,Chioma Nwosu,LOW_ATTENDANCE
ALC-013,11,Niger,North-Central,8,3,Chioma Nwosu,OK
ALC-014,1,Jigawa,North-West,11,3,Tunde Badmus,OK
ALC-014,2,Jigawa,North-West,9,5,Tunde Badmus,OK
ALC-014,3,Jigawa,North-West,12,5,Tunde Badmus,OK
ALC-014,4,Jigawa,North-West,16,2,Tunde Badmus,OK
ALC-014,5,Jigawa,North-West,7,2,Tunde Badmus,LOW_ATTENDANCE
ALC-014,6,Jigawa,North-West,12,2,Tunde Badmus,OK
ALC-014,7,Jigawa,North-West,7,5,Tunde Badmus,LOW_ATTENDANCE
ALC-014,8,Jigawa,North-West,12,2,Tunde Badmus,OK
ALC-014,9,Jigawa,North-West,13,2,Tunde Badmus,OK
ALC-014,10,Jigawa,North-West,8,5,Tunde Badmus,LOW_ATTENDANCE
ALC-014,11,Jigawa,North-West,11,5,Tunde Badmus,OK
ALC-014,12,Jigawa,North-West,8,2,Tunde Badmus,LOW_ATTENDANCE
ALC-015,1,Kaduna,North-West,5,2,Kelechi Ike,LOW_ATTENDANCE
ALC-015,2,Kaduna,North-West,6,5,Kelechi Ike,OK
ALC-015,3,Kaduna,North-West,4,5,Kelechi Ike,LOW_ATTENDANCE
ALC-015,4,Kaduna,North-West,8,4,Kelechi Ike,OK
ALC-015,5,Kaduna,North-West,5,4,Kelechi Ike,LOW_ATTENDANCE
ALC-015,6,Kaduna,North-West,5,4,Kelechi Ike,LOW_ATTENDANCE
ALC-015,7,Kaduna,North-West,7,5,Kelechi Ike,OK
ALC-015,8,Kaduna,North-West,8,2,Kelechi Ike,OK
ALC-015,9,Kaduna,North-West,4,5,Kelechi Ike,LOW_ATTENDANCE
ALC-015,10,Kaduna,North-West,4,2,Kelechi Ike,LOW_ATTENDANCE
ALC-015,11,Kaduna,North-West,8,4,Kelechi Ike,OK
ALC-015,12,Kaduna,North-West,5,4,Kelechi Ike,LOW_ATTENDANCE
ALC-016,1,Lagos,South-West,18,5,Tunde Badmus,OK
ALC-016,2,Lagos,South-West,17,5,Tunde Badmus,LOW_ATTENDANCE
ALC-016,3,Lagos,South-West,29,5,Tunde Badmus,OK
ALC-016,4,Lagos,South-West,16,5,Tunde Badmus,LOW_ATTENDANCE
ALC-016,5,Lagos,South-West,31,5,Tunde Badmus,OK
ALC-016,6,Lagos,South-West,21,3,Tunde Badmus,OK
ALC-016,7,Lagos,South-West,23,4,Tunde Badmus,OK
ALC-016,8,Lagos,South-West,17,5,Tunde Badmus,LOW_ATTENDANCE
ALC-016,9,Lagos,South-West,23,3,Tunde Badmus,OK
ALC-016,10,Lagos,South-West,29,5,Tunde Badmus,OK
ALC-016,11,Lagos,South-West,29,4,Tunde Badmus,OK
ALC-016,12,Lagos,South-West,31,3,Tunde Badmus,OK
ALC-017,1,Benue,North-Central,6,2,Chioma Nwosu,LOW_ATTENDANCE
ALC-017,2,Benue,North-Central,5,5,Chioma Nwosu,LOW_ATTENDANCE
ALC-017,3,Benue,North-Central,5,3,Chioma Nwosu,LOW_ATTENDANCE
ALC-017,4,Benue,North-Central,10,2,Chioma Nwosu,OK
ALC-017,5,Benue,North-Central,11,2,Chioma Nwosu,OK
ALC-017,6,Benue,North-Central,13,3,Chioma Nwosu,OK
ALC-017,7,Benue,North-Central,7,4,Chioma Nwosu,LOW_ATTENDANCE
ALC-017,9,Benue,North-Central,11,3,Chioma Nwosu,OK
ALC-017,10,Benue,North-Central,11,5,Chioma Nwosu,OK
ALC-017,11,Benue,North-Central,7,2,Chioma Nwosu,LOW_ATTENDANCE
ALC-017,12,Benue,North-Central,10,3,Chioma Nwosu,OK
ALC-018,1,Osun,South-West,8,2,Uche Anyanwu,LOW_ATTENDANCE
ALC-018,2,Osun,South-West,8,2,Uche Anyanwu,LOW_ATTENDANCE
ALC-018,3,Osun,South-West,9,4,Uche Anyanwu,LOW_ATTENDANCE
ALC-018,4,Osun,South-West,8,3,Uche Anyanwu,LOW_ATTENDANCE
ALC-018,6,Osun,South-West,11,3,Uche Anyanwu,OK
ALC-018,7,Osun,South-West,15,5,Uche Anyanwu,OK
ALC-018,8,Osun,South-West,7,5,Uche Anyanwu,LOW_ATTENDANCE
ALC-018,10,Osun,South-West,10,5,Uche Anyanwu,OK
ALC-018,11,Osun,South-West,13,4,Uche Anyanwu,OK
ALC-018,12,Osun,South-West,15,5,Uche Anyanwu,OK
ALC-019,1,Yobe,North-East,7,4,Ibrahim Musa,LOW_ATTENDANCE
ALC-019,2,Yobe,North-East,14,3,Ibrahim Musa,OK
ALC-019,3,Yobe,North-East,8,2,Ibrahim Musa,LOW_ATTENDANCE
ALC-019,4,Yobe,North-East,17,4,Ibrahim Musa,OK
ALC-019,5,Yobe,North-East,17,5,Ibrahim Musa,OK
ALC-019,6,Yobe,North-East,9,2,Ibrahim Musa,LOW_ATTENDANCE
ALC-019,7,Yobe,North-East,17,4,Ibrahim Musa,OK
ALC-019,8,Yobe,North-East,13,3,Ibrahim Musa,OK
ALC-019,9,Yobe,North-East,13,2,Ibrahim Musa,OK
ALC-019,10,Yobe,North-East,9,3,Ibrahim Musa,LOW_ATTENDANCE
ALC-019,11,Yobe,North-East,8,4,Ibrahim Musa,LOW_ATTENDANCE
ALC-019,12,Yobe,North-East,7,3,Ibrahim Musa,LOW_ATTENDANCE
ALC-020,1,Ondo,South-West,8,3,Ibrahim Musa,LOW_ATTENDANCE
ALC-020,2,Ondo,South-West,9,3,Ibrahim Musa,LOW_ATTENDANCE
ALC-020,3,Ondo,South-West,9,5,Ibrahim Musa,LOW_ATTENDANCE
ALC-020,4,Ondo,South-West,10,2,Ibrahim Musa,OK
ALC-020,5,Ondo,South-West,11,4,Ibrahim Musa,OK
ALC-020,6,Ondo,South-West,11,5,Ibrahim Musa,OK
ALC-020,7,Ondo,South-West,16,5,Ibrahim Musa,OK
ALC-020,8,Ondo,South-West,8,4,Ibrahim Musa,LOW_ATTENDANCE
ALC-020,9,Ondo,South-West,16,4,Ibrahim Musa,OK
ALC-020,10,Ondo,South-West,12,2,Ibrahim Musa,OK
ALC-020,12,Ondo,South-West,16,3,Ibrahim Musa,OK
ALC-021,1,Bayelsa,South-South,23,5,Kelechi Ike,OK
ALC-021,2,Bayelsa,South-South,18,5,Kelechi Ike,OK
ALC-021,3,Bayelsa,South-South,22,4,Kelechi Ike,OK
ALC-021,4,Bayelsa,South-South,19,2,Kelechi Ike,OK
ALC-021,5,Bayelsa,South-South,13,5,Kelechi Ike,LOW_ATTENDANCE
ALC-021,6,Bayelsa,South-South,15,4,Kelechi Ike,OK
ALC-021,7,Bayelsa,South-South,16,2,Kelechi Ike,OK
ALC-021,9,Bayelsa,South-South,18,4,Kelechi Ike,OK
ALC-021,10,Bayelsa,South-South,19,4,Kelechi Ike,OK
ALC-021,11,Bayelsa,South-South,16,4,Kelechi Ike,OK
ALC-021,12,Bayelsa,South-South,12,2,Kelechi Ike,LOW_ATTENDANCE
ALC-022,1,Kaduna,North-West,4,5,Fatima Aliyu,OK
ALC-022,2,Kaduna,North-West,2,4,Fatima Aliyu,LOW_ATTENDANCE
ALC-022,3,Kaduna,North-West,3,3,Fatima Aliyu,OK
ALC-022,4,Kaduna,North-West,2,4,Fatima Aliyu,LOW_ATTENDANCE
ALC-022,5,Kaduna,North-West,2,4,Fatima Aliyu,LOW_ATTENDANCE
ALC-022,6,Kaduna,North-West,3,4,Fatima Aliyu,OK
ALC-022,7,Kaduna,North-West,2,4,Fatima Aliyu,LOW_ATTENDANCE
ALC-022,8,Kaduna,North-West,4,4,Fatima Aliyu,OK
ALC-022,9,Kaduna,North-West,3,2,Fatima Aliyu,OK
ALC-022,10,Kaduna,North-West,3,3,Fatima Aliyu,OK
ALC-022,11,Kaduna,North-West,3,2,Fatima Aliyu,OK
ALC-022,12,Kaduna,North-West,3,2,Fatima Aliyu,OK
ALC-023,1,Delta,South-South,31,5,Uche Anyanwu,OK
ALC-023,2,Delta,South-South,22,5,Uche Anyanwu,OK
ALC-023,3,Delta,South-South,20,4,Uche Anyanwu,LOW_ATTENDANCE
ALC-023,4,Delta,South-South,33,2,Uche Anyanwu,OK
ALC-023,5,Delta,South-South,17,5,Uche Anyanwu,LOW_ATTENDANCE
ALC-023,6,Delta,South-South,25,4,Uche Anyanwu,OK
ALC-023,7,Delta,South-South,25,2,Uche Anyanwu,OK
ALC-023,8,Delta,South-South,29,4,Uche Anyanwu,OK
ALC-023,9,Delta,South-South,28,3,Uche Anyanwu,OK
ALC-023,10,Delta,South-South,16,4,Uche Anyanwu,LOW_ATTENDANCE
ALC-023,11,Delta,South-South,36,2,Uche Anyanwu,OK
ALC-023,12,Delta,South-South,18,4,Uche Anyanwu,LOW_ATTENDANCE
ALC-024,1,Kebbi,North-West,15,2,Seun Adeyemi,OK
ALC-024,2,Kebbi,North-West,9,2,Seun Adeyemi,OK
ALC-024,3,Kebbi,North-West,7,2,Seun Adeyemi,LOW_ATTENDANCE
ALC-024,4,Kebbi,North-West,14,2,Seun Adeyemi,OK
ALC-024,5,Kebbi,North-West,13,5,Seun Adeyemi,OK
ALC-024,6,Kebbi,North-West,9,4,Seun Adeyemi,OK
ALC-024,7,Kebbi,North-West,10,4,Seun Adeyemi,OK
ALC-024,8,Kebbi,North-West,11,4,Seun Adeyemi,OK
ALC-024,9,Kebbi,North-West,10,2,Seun Adeyemi,OK
ALC-024,10,Kebbi,North-West,11,5,Seun Adeyemi,OK
ALC-024,11,Kebbi,North-West,14,2,Seun Adeyemi,OK
ALC-024,12,Kebbi,North-West,7,2,Seun Adeyemi,LOW_ATTENDANCE
ALC-025,1,Abuja,North-Central,15,2,Adewale Okafor,LOW_ATTENDANCE
ALC-025,2,Abuja,North-Central,27,4,Adewale Okafor,OK
ALC-025,3,Abuja,North-Central,16,5,Adewale Okafor,LOW_ATTENDANCE
ALC-025,6,Abuja,North-Central,29,2,Adewale Okafor,OK
ALC-025,7,Abuja,North-Central,17,2,Adewale Okafor,OK
ALC-025,8,Abuja,North-Central,14,2,Adewale Okafor,LOW_ATTENDANCE
ALC-025,9,Abuja,North-Central,14,4,Adewale Okafor,LOW_ATTENDANCE
ALC-025,10,Abuja,North-Central,24,4,Adewale Okafor,OK
ALC-025,11,Abuja,North-Central,17,5,Adewale Okafor,OK
ALC-026,1,Gombe,North-East,15,5,Tunde Badmus,LOW_ATTENDANCE
ALC-026,2,Gombe,North-East,28,4,Tunde Badmus,OK
ALC-026,3,Gombe,North-East,24,5,Tunde Badmus,OK
ALC-026,4,Gombe,North-East,22,2,Tunde Badmus,OK
ALC-026,5,Gombe,North-East,23,3,Tunde Badmus,OK
ALC-026,6,Gombe,North-East,30,5,Tunde Badmus,OK
ALC-026,7,Gombe,North-East,27,4,Tunde Badmus,OK
ALC-026,8,Gombe,North-East,17,5,Tunde Badmus,OK
ALC-026,9,Gombe,North-East,27,4,Tunde Badmus,OK
ALC-026,10,Gombe,North-East,19,2,Tunde Badmus,OK
ALC-026,11,Gombe,North-East,25,3,Tunde Badmus,OK
ALC-026,12,Gombe,North-East,25,3,Tunde Badmus,OK
ALC-027,1,Cross River,South-South,8,5,Ngozi Eze,LOW_ATTENDANCE
ALC-027,2,Cross River,South-South,15,2,Ngozi Eze,OK
ALC-027,3,Cross River,South-South,17,5,Ngozi Eze,OK
ALC-027,4,Cross River,South-South,13,3,Ngozi Eze,OK
ALC-027,5,Cross River,South-South,10,4,Ngozi Eze,LOW_ATTENDANCE
ALC-027,6,Cross River,South-South,16,4,Ngozi Eze,OK
ALC-027,7,Cross River,South-South,15,4,Ngozi Eze,OK
ALC-027,8,Cross River,South-South,17,3,Ngozi Eze,OK
ALC-027,9,Cross River,South-South,18,2,Ngozi Eze,OK
ALC-027,10,Cross River,South-South,18,3,Ngozi Eze,OK
ALC-027,11,Cross River,South-South,18,5,Ngozi Eze,OK
ALC-027,12,Cross River,South-South,16,3,Ngozi Eze,OK
ALC-028,1,Anambra,South-East,11,2,Chioma Nwosu,OK
ALC-028,3,Anambra,South-East,9,2,Chioma Nwosu,LOW_ATTENDANCE
ALC-028,4,Anambra,South-East,16,2,Chioma Nwosu,OK
ALC-028,5,Anambra,South-East,8,3,Chioma Nwosu,LOW_ATTENDANCE
ALC-028,6,Anambra,South-East,10,5,Chioma Nwosu,LOW_ATTENDANCE
ALC-028,7,Anambra,South-East,13,2,Chioma Nwosu,OK
ALC-028,8,Anambra,South-East,11,5,Chioma Nwosu,OK
ALC-028,9,Anambra,South-East,18,2,Chioma Nwosu,OK
ALC-028,10,Anambra,South-East,11,2,Chioma Nwosu,OK
ALC-028,11,Anambra,South-East,9,3,Chioma Nwosu,LOW_ATTENDANCE
ALC-028,12,Anambra,South-East,13,5,Chioma Nwosu,OK
ALC-029,1,Kebbi,North-West,4,5,Adewale Okafor,LOW_ATTENDANCE
ALC-029,2,Kebbi,North-West,3,2,Adewale Okafor,LOW_ATTENDANCE
ALC-029,3,Kebbi,North-West,6,5,Adewale Okafor,OK
ALC-029,4,Kebbi,North-West,4,5,Adewale Okafor,LOW_ATTENDANCE
ALC-029,5,Kebbi,North-West,4,3,Adewale Okafor,LOW_ATTENDANCE
ALC-029,6,Kebbi,North-West,5,4,Adewale Okafor,OK
ALC-029,7,Kebbi,North-West,5,5,Adewale Okafor,OK
ALC-029,8,Kebbi,North-West,6,2,Adewale Okafor,OK
ALC-029,9,Kebbi,North-West,7,3,Adewale Okafor,OK
ALC-029,10,Kebbi,North-West,3,3,Adewale Okafor,LOW_ATTENDANCE
ALC-029,11,Kebbi,North-West,5,2,Adewale Okafor,OK
ALC-029,12,Kebbi,North-West,3,3,Adewale Okafor,LOW_ATTENDANCE
ALC-030,1,Borno,North-East,19,4,Ngozi Eze,OK
ALC-030,2,Borno,North-East,22,5,Ngozi Eze,OK
ALC-030,3,Borno,North-East,19,2,Ngozi Eze,OK
ALC-030,4,Borno,North-East,24,4,Ngozi Eze,OK
ALC-030,5,Borno,North-East,30,3,Ngozi Eze,OK
ALC-030,6,Borno,North-East,27,4,Ngozi Eze,OK
ALC-030,7,Borno,North-East,29,4,Ngozi Eze,OK
ALC-030,8,Borno,North-East,18,2,Ngozi Eze,LOW_ATTENDANCE
ALC-030,9,Borno,North-East,29,5,Ngozi Eze,OK
ALC-030,10,Borno,North-East,18,3,Ngozi Eze,LOW_ATTENDANCE
ALC-030,11,Borno,North-East,18,2,Ngozi Eze,LOW_ATTENDANCE
ALC-030,12,Borno,North-East,33,4,Ngozi Eze,OK
ALC-031,1,Jigawa,North-West,17,2,Ibrahim Musa,OK
ALC-031,2,Jigawa,North-West,13,5,Ibrahim Musa,OK
ALC-031,3,Jigawa,North-West,21,3,Ibrahim Musa,OK
ALC-031,4,Jigawa,North-West,11,2,Ibrahim Musa,LOW_ATTENDANCE
ALC-031,5,Jigawa,North-West,16,2,Ibrahim Musa,OK
ALC-031,6,Jigawa,North-West,16,5,Ibrahim Musa,OK
ALC-031,7,Jigawa,North-West,20,5,Ibrahim Musa,OK
ALC-031,8,Jigawa,North-West,10,5,Ibrahim Musa,LOW_ATTENDANCE
ALC-031,9,Jigawa,North-West,16,2,Ibrahim Musa,OK
ALC-031,10,Jigawa,North-West,19,4,Ibrahim Musa,OK
ALC-031,11,Jigawa,North-West,18,3,Ibrahim Musa,OK
ALC-031,12,Jigawa,North-West,10,2,Ibrahim Musa,LOW_ATTENDANCE
ALC-032,1,Anambra,South-East,13,4,Gideon Lawal,OK
ALC-032,2,Anambra,South-East,19,4,Gideon Lawal,OK
ALC-032,3,Anambra,South-East,16,4,Gideon Lawal,OK
ALC-032,4,Anambra,South-East,12,4,Gideon Lawal,OK
ALC-032,5,Anambra,South-East,17,2,Gideon Lawal,OK
ALC-032,6,Anambra,South-East,16,4,Gideon Lawal,OK
ALC-032,7,Anambra,South-East,9,5,Gideon Lawal,LOW_ATTENDANCE
ALC-032,8,Anambra,South-East,10,2,Gideon Lawal,LOW_ATTENDANCE
ALC-032,9,Anambra,South-East,18,5,Gideon Lawal,OK
ALC-032,11,Anambra,South-East,11,2,Gideon Lawal,OK
ALC-032,12,Anambra,South-East,12,5,Gideon Lawal,OK
ALC-033,2,Plateau,North-Central,9,5,Hauwa Bello,OK
ALC-033,3,Plateau,North-Central,10,4,Hauwa Bello,OK
ALC-033,4,Plateau,North-Central,11,5,Hauwa Bello,OK
ALC-033,5,Plateau,North-Central,6,3,Hauwa Bello,LOW_ATTENDANCE
ALC-033,6,Plateau,North-Central,10,4,Hauwa Bello,OK
ALC-033,7,Plateau,North-Central,8,5,Hauwa Bello,OK
ALC-033,8,Plateau,North-Central,6,4,Hauwa Bello,LOW_ATTENDANCE
ALC-033,9,Plateau,North-Central,8,2,Hauwa Bello,OK
ALC-033,10,Plateau,North-Central,10,4,Hauwa Bello,OK
ALC-033,11,Plateau,North-Central,7,2,Hauwa Bello,OK
ALC-033,12,Plateau,North-Central,8,5,Hauwa Bello,OK
ALC-034,2,Niger,North-Central,16,2,Gideon Lawal,OK
ALC-034,3,Niger,North-Central,15,3,Gideon Lawal,OK
ALC-034,4,Niger,North-Central,16,3,Gideon Lawal,OK
ALC-034,5,Niger,North-Central,17,4,Gideon Lawal,OK
ALC-034,6,Niger,North-Central,13,3,Gideon Lawal,OK
ALC-034,7,Niger,North-Central,10,4,Gideon Lawal,LOW_ATTENDANCE
ALC-034,8,Niger,North-Central,9,4,Gideon Lawal,LOW_ATTENDANCE
ALC-034,9,Niger,North-Central,12,2,Gideon Lawal,LOW_ATTENDANCE
ALC-034,10,Niger,North-Central,10,2,Gideon Lawal,LOW_ATTENDANCE
ALC-034,11,Niger,North-Central,9,4,Gideon Lawal,LOW_ATTENDANCE
ALC-034,12,Niger,North-Central,18,4,Gideon Lawal,OK
ALC-035,1,Imo,South-East,10,2,Adewale Okafor,OK
ALC-035,2,Imo,South-East,16,4,Adewale Okafor,OK
ALC-035,3,Imo,South-East,17,3,Adewale Okafor,OK
ALC-035,4,Imo,South-East,9,4,Adewale Okafor,LOW_ATTENDANCE
ALC-035,5,Imo,South-East,12,3,Adewale Okafor,OK
ALC-035,6,Imo,South-East,10,2,Adewale Okafor,OK
ALC-035,7,Imo,South-East,12,2,Adewale Okafor,OK
ALC-035,8,Imo,South-East,10,4,Adewale Okafor,OK
ALC-035,10,Imo,South-East,16,2,Adewale Okafor,OK
ALC-035,11,Imo,South-East,13,4,Adewale Okafor,OK
ALC-035,12,Imo,South-East,13,3,Adewale Okafor,OK
ALC-036,1,Plateau,North-Central,11,4,Uche Anyanwu,OK
ALC-036,2,Plateau,North-Central,10,3,Uche Anyanwu,OK
ALC-036,3,Plateau,North-Central,7,3,Uche Anyanwu,LOW_ATTENDANCE
ALC-036,5,Plateau,North-Central,7,4,Uche Anyanwu,LOW_ATTENDANCE
ALC-036,6,Plateau,North-Central,9,4,Uche Anyanwu,OK
ALC-036,7,Plateau,North-Central,9,5,Uche Anyanwu,OK
ALC-036,8,Plateau,North-Central,11,5,Uche Anyanwu,OK
ALC-036,9,Plateau,North-Central,6,5,Uche Anyanwu,LOW_ATTENDANCE
ALC-036,11,Plateau,North-Central,9,4,Uche Anyanwu,OK
ALC-036,12,Plateau,North-Central,9,5,Uche Anyanwu,OK
ALC-037,1,Ebonyi,South-East,8,5,Seun Adeyemi,LOW_ATTENDANCE
ALC-037,2,Ebonyi,South-East,18,2,Seun Adeyemi,OK
ALC-037,3,Ebonyi,South-East,8,5,Seun Adeyemi,LOW_ATTENDANCE
ALC-037,4,Ebonyi,South-East,14,3,Seun Adeyemi,OK
ALC-037,5,Ebonyi,South-East,16,4,Seun Adeyemi,OK
ALC-037,6,Ebonyi,South-East,9,4,Seun Adeyemi,LOW_ATTENDANCE
ALC-037,7,Ebonyi,South-East,8,4,Seun Adeyemi,LOW_ATTENDANCE
ALC-037,8,Ebonyi,South-East,9,5,Seun Adeyemi,LOW_ATTENDANCE
ALC-037,9,Ebonyi,South-East,13,2,Seun Adeyemi,OK
ALC-037,10,Ebonyi,South-East,17,5,Seun Adeyemi,OK
ALC-037,11,Ebonyi,South-East,8,2,Seun Adeyemi,LOW_ATTENDANCE
ALC-037,12,Ebonyi,South-East,11,2,Seun Adeyemi,OK
ALC-038,1,Ebonyi,South-East,18,4,Ngozi Eze,OK
ALC-038,2,Ebonyi,South-East,22,4,Ngozi Eze,OK
ALC-038,3,Ebonyi,South-East,20,2,Ngozi Eze,OK
ALC-038,4,Ebonyi,South-East,20,2,Ngozi Eze,OK
ALC-038,5,Ebonyi,South-East,18,3,Ngozi Eze,OK
ALC-038,6,Ebonyi,South-East,12,5,Ngozi Eze,LOW_ATTENDANCE
ALC-038,7,Ebonyi,South-East,14,3,Ngozi Eze,OK
ALC-038,8,Ebonyi,South-East,20,4,Ngozi Eze,OK
ALC-038,9,Ebonyi,South-East,21,2,Ngozi Eze,OK
ALC-038,11,Ebonyi,South-East,12,2,Ngozi Eze,LOW_ATTENDANCE
ALC-038,12,Ebonyi,South-East,17,2,Ngozi Eze,OK
ALC-039,1,Katsina,North-West,11,3,Chioma Nwosu,LOW_ATTENDANCE
ALC-039,2,Katsina,North-West,22,2,Chioma Nwosu,OK
ALC-039,3,Katsina,North-West,15,5,Chioma Nwosu,OK
ALC-039,4,Katsina,North-West,14,2,Chioma Nwosu,OK
ALC-039,5,Katsina,North-West,24,5,Chioma Nwosu,OK
ALC-039,6,Katsina,North-West,22,3,Chioma Nwosu,OK
ALC-039,7,Katsina,North-West,22,4,Chioma Nwosu,OK
ALC-039,9,Katsina,North-West,16,2,Chioma Nwosu,OK
ALC-039,11,Katsina,North-West,12,3,Chioma Nwosu,LOW_ATTENDANCE
ALC-039,12,Katsina,North-West,17,3,Chioma Nwosu,OK
ALC-040,1,Kogi,North-Central,5,4,Emeka Obi,OK
ALC-040,2,Kogi,North-Central,4,5,Emeka Obi,OK
ALC-040,3,Kogi,North-Central,4,4,Emeka Obi,OK
ALC-040,4,Kogi,North-Central,4,2,Emeka Obi,OK
ALC-040,5,Kogi,North-Central,3,5,Emeka Obi,LOW_ATTENDANCE
ALC-040,6,Kogi,North-Central,4,4,Emeka Obi,OK
ALC-040,7,Kogi,North-Central,2,5,Emeka Obi,LOW_ATTENDANCE
ALC-040,8,Kogi,North-Central,2,4,Emeka Obi,LOW_ATTENDANCE
ALC-040,9,Kogi,North-Central,2,5,Emeka Obi,LOW_ATTENDANCE
ALC-040,10,Kogi,North-Central,6,4,Emeka Obi,OK
ALC-040,11,Kogi,North-Central,6,5,Emeka Obi,OK
ALC-040,12,Kogi,North-Central,3,5,Emeka Obi,LOW_ATTENDANCE
ALC-041,1,Edo,South-South,22,4,Ibrahim Musa,OK
ALC-041,2,Edo,South-South,20,3,Ibrahim Musa,OK
ALC-041,3,Edo,South-South,23,5,Ibrahim Musa,OK
ALC-041,4,Edo,South-South,25,3,Ibrahim Musa,OK
ALC-041,5,Edo,South-South,25,4,Ibrahim Musa,OK
ALC-041,6,Edo,South-South,22,4,Ibrahim Musa,OK
ALC-041,7,Edo,South-South,18,3,Ibrahim Musa,OK
ALC-041,8,Edo,South-South,30,4,Ibrahim Musa,OK
ALC-041,9,Edo,South-South,30,2,Ibrahim Musa,OK
ALC-041,10,Edo,South-South,20,5,Ibrahim Musa,OK
ALC-041,11,Edo,South-South,24,5,Ibrahim Musa,OK
ALC-041,12,Edo,South-South,24,3,Ibrahim Musa,OK
ALC-042,1,Ondo,South-West,13,4,Mohammed Sule,LOW_ATTENDANCE
ALC-042,2,Ondo,South-West,20,4,Mohammed Sule,OK
ALC-042,3,Ondo,South-West,20,4,Mohammed Sule,OK
ALC-042,4,Ondo,South-West,12,5,Mohammed Sule,LOW_ATTENDANCE
ALC-042,5,Ondo,South-West,24,2,Mohammed Sule,OK
ALC-042,6,Ondo,South-West,14,3,Mohammed Sule,LOW_ATTENDANCE
ALC-042,7,Ondo,South-West,18,2,Mohammed Sule,OK
ALC-042,8,Ondo,South-West,16,5,Mohammed Sule,OK
ALC-042,9,Ondo,South-West,26,3,Mohammed Sule,OK
ALC-042,10,Ondo,South-West,12,3,Mohammed Sule,LOW_ATTENDANCE
ALC-042,11,Ondo,South-West,22,3,Mohammed Sule,OK
ALC-042,12,Ondo,South-West,22,5,Mohammed Sule,OK
ALC-043,1,Adamawa,North-East,8,2,Seun Adeyemi,LOW_ATTENDANCE
ALC-043,2,Adamawa,North-East,9,4,Seun Adeyemi,LOW_ATTENDANCE
ALC-043,3,Adamawa,North-East,12,2,Seun Adeyemi,OK
ALC-043,4,Adamawa,North-East,14,4,Seun Adeyemi,OK
ALC-043,5,Adamawa,North-East,18,2,Seun Adeyemi,OK
ALC-043,6,Adamawa,North-East,9,4,Seun Adeyemi,LOW_ATTENDANCE
ALC-043,7,Adamawa,North-East,12,5,Seun Adeyemi,OK
ALC-043,8,Adamawa,North-East,10,3,Seun Adeyemi,LOW_ATTENDANCE
ALC-043,9,Adamawa,North-East,12,5,Seun Adeyemi,OK
ALC-043,10,Adamawa,North-East,10,4,Seun Adeyemi,LOW_ATTENDANCE
ALC-043,11,Adamawa,North-East,12,3,Seun Adeyemi,OK
ALC-043,12,Adamawa,North-East,8,3,Seun Adeyemi,LOW_ATTENDANCE
ALC-044,1,Imo,South-East,14,2,Adewale Okafor,LOW_ATTENDANCE
ALC-044,2,Imo,South-East,24,3,Adewale Okafor,OK
ALC-044,3,Imo,South-East,23,4,Adewale Okafor,OK
ALC-044,4,Imo,South-East,16,2,Adewale Okafor,OK
ALC-044,5,Imo,South-East,14,5,Adewale Okafor,LOW_ATTENDANCE
ALC-044,6,Imo,South-East,19,3,Adewale Okafor,OK
ALC-044,7,Imo,South-East,18,5,Adewale Okafor,OK
ALC-044,8,Imo,South-East,20,4,Adewale Okafor,OK
ALC-044,9,Imo,South-East,23,3,Adewale Okafor,OK
ALC-044,10,Imo,South-East,17,5,Adewale Okafor,OK
ALC-044,12,Imo,South-East,13,2,Adewale Okafor,LOW_ATTENDANCE
ALC-045,1,Niger,North-Central,6,4,Aisha Garba,LOW_ATTENDANCE
ALC-045,2,Niger,North-Central,7,5,Aisha Garba,LOW_ATTENDANCE
ALC-045,3,Niger,North-Central,5,4,Aisha Garba,LOW_ATTENDANCE
ALC-045,4,Niger,North-Central,12,4,Aisha Garba,OK
ALC-045,5,Niger,North-Central,8,4,Aisha Garba,OK
ALC-045,7,Niger,North-Central,13,3,Aisha Garba,OK
ALC-045,8,Niger,North-Central,9,2,Aisha Garba,OK
ALC-045,9,Niger,North-Central,12,3,Aisha Garba,OK
ALC-045,10,Niger,North-Central,8,4,Aisha Garba,OK
ALC-045,11,Niger,North-Central,9,2,Aisha Garba,OK
ALC-045,12,Niger,North-Central,10,2,Aisha Garba,OK
ALC-046,1,Osun,South-West,15,4,Mohammed Sule,OK
ALC-046,2,Osun,South-West,11,2,Mohammed Sule,OK
ALC-046,3,Osun,South-West,10,4,Mohammed Sule,LOW_ATTENDANCE
ALC-046,5,Osun,South-West,18,4,Mohammed Sule,OK
ALC-046,6,Osun,South-West,10,2,Mohammed Sule,LOW_ATTENDANCE
ALC-046,7,Osun,South-West,16,2,Mohammed Sule,OK
ALC-046,8,Osun,South-West,11,2,Mohammed Sule,OK
ALC-046,9,Osun,South-West,18,2,Mohammed Sule,OK
ALC-046,10,Osun,South-West,17,2,Mohammed Sule,OK
ALC-046,11,Osun,South-West,18,5,Mohammed Sule,OK
ALC-046,12,Osun,South-West,15,4,Mohammed Sule,OK
ALC-047,1,Sokoto,North-West,8,2,Ngozi Eze,OK
ALC-047,2,Sokoto,North-West,9,3,Ngozi Eze,OK
ALC-047,3,Sokoto,North-West,8,5,Ngozi Eze,OK
ALC-047,4,Sokoto,North-West,5,3,Ngozi Eze,LOW_ATTENDANCE
ALC-047,5,Sokoto,North-West,5,2,Ngozi Eze,LOW_ATTENDANCE
ALC-047,6,Sokoto,North-West,9,3,Ngozi Eze,OK
ALC-047,7,Sokoto,North-West,10,5,Ngozi Eze,OK
ALC-047,8,Sokoto,North-West,9,2,Ngozi Eze,OK
ALC-047,9,Sokoto,North-West,7,2,Ngozi Eze,OK
ALC-047,10,Sokoto,North-West,10,5,Ngozi Eze,OK
ALC-047,11,Sokoto,North-West,10,5,Ngozi Eze,OK
ALC-047,12,Sokoto,North-West,6,3,Ngozi Eze,LOW_ATTENDANCE
ALC-048,1,Enugu,South-East,23,4,Ngozi Eze,OK
ALC-048,2,Enugu,South-East,25,4,Ngozi Eze,OK
ALC-048,3,Enugu,South-East,21,2,Ngozi Eze,OK
ALC-048,4,Enugu,South-East,28,2,Ngozi Eze,OK
ALC-048,5,Enugu,South-East,25,3,Ngozi Eze,OK
ALC-048,6,Enugu,South-East,37,2,Ngozi Eze,OK
ALC-048,7,Enugu,South-East,35,2,Ngozi Eze,OK
ALC-048,8,Enugu,South-East,33,3,Ngozi Eze,OK
ALC-048,9,Enugu,South-East,17,2,Ngozi Eze,LOW_ATTENDANCE
ALC-048,10,Enugu,South-East,19,5,Ngozi Eze,LOW_ATTENDANCE
ALC-048,11,Enugu,South-East,22,2,Ngozi Eze,OK
ALC-048,12,Enugu,South-East,37,3,Ngozi Eze,OK
ALC-049,1,Oyo,South-West,24,5,Ibrahim Musa,OK
ALC-049,2,Oyo,South-West,28,2,Ibrahim Musa,OK
ALC-049,3,Oyo,South-West,19,2,Ibrahim Musa,OK
ALC-049,4,Oyo,South-West,24,3,Ibrahim Musa,OK
ALC-049,5,Oyo,South-West,33,4,Ibrahim Musa,OK
ALC-049,6,Oyo,South-West,23,3,Ibrahim Musa,OK
ALC-049,7,Oyo,South-West,33,4,Ibrahim Musa,OK
ALC-049,8,Oyo,South-West,32,4,Ibrahim Musa,OK
ALC-049,9,Oyo,South-West,25,3,Ibrahim Musa,OK
ALC-049,10,Oyo,South-West,21,4,Ibrahim Musa,OK
ALC-049,11,Oyo,South-West,15,2,Ibrahim Musa,LOW_ATTENDANCE
ALC-049,12,Oyo,South-West,29,5,Ibrahim Musa,OK
ALC-050,1,Yobe,North-East,12,5,Tunde Badmus,OK
ALC-050,2,Yobe,North-East,19,3,Tunde Badmus,OK
ALC-050,3,Yobe,North-East,12,3,Tunde Badmus,OK
ALC-050,4,Yobe,North-East,10,3,Tunde Badmus,LOW_ATTENDANCE
ALC-050,5,Yobe,North-East,9,3,Tunde Badmus,LOW_ATTENDANCE
ALC-050,6,Yobe,North-East,17,3,Tunde Badmus,OK
ALC-050,7,Yobe,North-East,20,5,Tunde Badmus,OK
ALC-050,8,Yobe,North-East,14,2,Tunde Badmus,OK
ALC-050,10,Yobe,North-East,12,5,Tunde Badmus,OK
ALC-050,11,Yobe,North-East,9,2,Tunde Badmus,LOW_ATTENDANCE
ALC-050,12,Yobe,North-East,14,5,Tunde Badmus,OK
ALC-051,1,Nasarawa,North-Central,26,5,Blessing Effiong,OK
ALC-051,2,Nasarawa,North-Central,22,2,Blessing Effiong,OK
ALC-051,3,Nasarawa,North-Central,21,5,Blessing Effiong,LOW_ATTENDANCE
ALC-051,4,Nasarawa,North-Central,29,5,Blessing Effiong,OK
ALC-051,5,Nasarawa,North-Central,17,4,Blessing Effiong,LOW_ATTENDANCE
ALC-051,6,Nasarawa,North-Central,39,4,Blessing Effiong,OK
ALC-051,7,Nasarawa,North-Central,39,4,Blessing Effiong,OK
ALC-051,8,Nasarawa,North-Central,36,4,Blessing Effiong,OK
ALC-051,9,Nasarawa,North-Central,35,3,Blessing Effiong,OK
ALC-051,10,Nasarawa,North-Central,34,4,Blessing Effiong,OK
ALC-051,11,Nasarawa,North-Central,37,5,Blessing Effiong,OK
ALC-051,12,Nasarawa,North-Central,36,2,Blessing Effiong,OK
ALC-052,1,Kogi,North-Central,5,5,Aisha Garba,OK
ALC-052,2,Kogi,North-Central,5,4,Aisha Garba,OK
ALC-052,3,Kogi,North-Central,3,5,Aisha Garba,LOW_ATTENDANCE
ALC-052,4,Kogi,North-Central,2,4,Aisha Garba,LOW_ATTENDANCE
ALC-052,5,Kogi,North-Central,3,5,Aisha Garba,LOW_ATTENDANCE
ALC-052,6,Kogi,North-Central,2,3,Aisha Garba,LOW_ATTENDANCE
ALC-052,7,Kogi,North-Central,3,2,Aisha Garba,LOW_ATTENDANCE
ALC-052,8,Kogi,North-Central,2,4,Aisha Garba,LOW_ATTENDANCE
ALC-052,9,Kogi,North-Central,4,3,Aisha Garba,OK
ALC-052,10,Kogi,North-Central,3,4,Aisha Garba,LOW_ATTENDANCE
ALC-052,11,Kogi,North-Central,2,5,Aisha Garba,LOW_ATTENDANCE
ALC-052,12,Kogi,North-Central,3,4,Aisha Garba,LOW_ATTENDANCE
ALC-053,1,Kaduna,North-West,6,4,Uche Anyanwu,OK
ALC-053,2,Kaduna,North-West,3,2,Uche Anyanwu,LOW_ATTENDANCE
ALC-053,3,Kaduna,North-West,6,4,Uche Anyanwu,OK
ALC-053,4,Kaduna,North-West,5,3,Uche Anyanwu,OK
ALC-053,5,Kaduna,North-West,5,2,Uche Anyanwu,OK
ALC-053,6,Kaduna,North-West,3,5,Uche Anyanwu,LOW_ATTENDANCE
ALC-053,7,Kaduna,North-West,5,4,Uche Anyanwu,OK
ALC-053,8,Kaduna,North-West,4,3,Uche Anyanwu,LOW_ATTENDANCE
ALC-053,9,Kaduna,North-West,4,2,Uche Anyanwu,LOW_ATTENDANCE
ALC-053,10,Kaduna,North-West,7,4,Uche Anyanwu,OK
ALC-053,11,Kaduna,North-West,3,5,Uche Anyanwu,LOW_ATTENDANCE
ALC-053,12,Kaduna,North-West,4,4,Uche Anyanwu,LOW_ATTENDANCE
ALC-054,1,Sokoto,North-West,9,3,Kelechi Ike,LOW_ATTENDANCE
ALC-054,2,Sokoto,North-West,9,3,Kelechi Ike,LOW_ATTENDANCE
ALC-054,3,Sokoto,North-West,10,2,Kelechi Ike,OK
ALC-054,4,Sokoto,North-West,9,2,Kelechi Ike,LOW_ATTENDANCE
ALC-054,5,Sokoto,North-West,13,5,Kelechi Ike,OK
ALC-054,6,Sokoto,North-West,13,2,Kelechi Ike,OK
ALC-054,7,Sokoto,North-West,8,3,Kelechi Ike,LOW_ATTENDANCE
ALC-054,8,Sokoto,North-West,17,4,Kelechi Ike,OK
ALC-054,9,Sokoto,North-West,14,2,Kelechi Ike,OK
ALC-054,10,Sokoto,North-West,13,4,Kelechi Ike,OK
ALC-054,11,Sokoto,North-West,13,2,Kelechi Ike,OK
ALC-054,12,Sokoto,North-West,8,4,Kelechi Ike,LOW_ATTENDANCE
ALC-011,10,Kogi,North-Central,13,3,Ngozi Eze,OK
ALC-012,9,Benue,North-Central,11,3,Aisha Garba,OK
ALC-028,3,Anambra,South-East,9,2,Chioma Nwosu,LOW_ATTENDANCE
ALC-028,5,Anambra,South-East,8,3,Chioma Nwosu,LOW_ATTENDANCE
ALC-047,12,Sokoto,North-West,6,3,Ngozi Eze,LOW_ATTENDANCE
ALC-052,6,Kogi,North-Central,2,3,Aisha Garba,LOW_ATTENDANCE
ALC-054,8,Sokoto,North-West,17,4,Kelechi Ike,OK
ALC-053,4,Kaduna,North-West,5,3,Uche Anyanwu,OK
ALC-007,1,Plateau,North-Central,8,5,Hauwa Bello,LOW_ATTENDANCE
ALC-011,4,Kogi,North-Central,7,4,Ngozi Eze,LOW_ATTENDANCE
ALC-008,1,Ondo,South-West,8,4,Kelechi Ike,OK
ALC-017,3,Benue,North-Central,5,3,Chioma Nwosu,LOW_ATTENDANCE
ALC-029,8,Kebbi,North-West,6,2,Adewale Okafor,OK
ALC-016,7,Lagos,South-West,23,4,Tunde Badmus,OK
ALC-009,9,Niger,North-Central,9,5,Aisha Garba,OK
